{"stats":{"minecraft:killed":{"minecraft:pig":1,"minecraft:bee":1},"minecraft:mined":{"minecraft:grass":1,"minecraft:grass_block":4,"minecraft:oak_log":2,"minecraft:vine":1,"minecraft:jungle_log":3,"minecraft:dirt":3,"minecraft:tnt":1},"minecraft:used":{"minecraft:oak_leaves":36,"minecraft:oak_log":1,"minecraft:bow":1,"minecraft:crafting_table":1},"minecraft:picked_up":{"minecraft:tnt":1,"minecraft:jungle_log":3,"minecraft:oak_log":2,"minecraft:dirt":7},"minecraft:crafted":{"minecraft:oak_planks":4,"minecraft:crafting_table":1,"minecraft:stick":12,"minecraft:wooden_pickaxe":1,"minecraft:jungle_planks":12},"minecraft:custom":{"minecraft:time_since_rest":3476,"minecraft:deaths":1,"minecraft:crouch_one_cm":1422,"minecraft:play_time":6090,"minecraft:sprint_one_cm":8887,"minecraft:damage_taken":10,"minecraft:walk_one_cm":5494,"minecraft:mob_kills":2,"minecraft:sneak_time":515,"minecraft:walk_under_water_one_cm":128,"minecraft:jump":74,"minecraft:damage_dealt":25,"minecraft:leave_game":1,"minecraft:time_since_death":3449,"minecraft:walk_on_water_one_cm":592,"minecraft:climb_one_cm":49,"minecraft:total_world_time":6090,"minecraft:swim_one_cm":2845,"minecraft:interact_with_crafting_table":1,"minecraft:fall_one_cm":1463,"minecraft:fly_one_cm":49898}},"DataVersion":3120}