{"stats":{"minecraft:used":{"minecraft:dirt":1,"minecraft:bucket":1,"minecraft:water_bucket":1},"minecraft:custom":{"minecraft:jump":1,"minecraft:open_chest":4,"minecraft:time_since_rest":231,"minecraft:damage_dealt":0,"minecraft:damage_taken":490,"minecraft:leave_game":3,"minecraft:time_since_death":205,"minecraft:crouch_one_cm":5210,"minecraft:play_time":2734,"minecraft:walk_one_cm":1996,"minecraft:deaths":2,"minecraft:sneak_time":1568,"minecraft:total_world_time":2734,"minecraft:fly_one_cm":40},"minecraft:picked_up":{"minecraft:oak_log":2,"minecraft:chest":1,"minecraft:dirt":1},"minecraft:mined":{"minecraft:grass_block":6,"minecraft:oak_log":5,"minecraft:chest":2,"minecraft:oak_sapling":1}},"DataVersion":3120}