{"stats":{"minecraft:picked_up":{"cgm:shell":40,"cgm:shotgun":1,"arphex:infernal_leggings":1,"minecraft:stick":9,"arphex:abyssal_dagger":1,"minecraft:acacia_planks":2,"minecraft:oak_sign":2,"arphex:infernal_helmet":1,"minecraft:wheat_seeds":1,"minecraft:acacia_log":4,"minecraft:redstone_torch":4,"arphex:infernal_boots":1,"minecraft:oak_planks":1,"minecraft:dirt":20,"arphex:infernal_chestplate":1},"minecraft:crafted":{"minecraft:acacia_planks":12,"minecraft:crafting_table":1,"minecraft:stick":12},"minecraft:used":{"minecraft:dirt":2,"minecraft:crafting_table":1,"minecraft:written_book":1,"cgm:shotgun":9},"minecraft:mined":{"minecraft:acacia_log":3,"minecraft:grass_block":5,"minecraft:dirt":6,"minecraft:oak_planks":1,"minecraft:redstone_wall_torch":2},"minecraft:dropped":{"minecraft:wheat_seeds":1},"minecraft:custom":{"minecraft:time_since_rest":2854,"minecraft:open_chest":3,"minecraft:crouch_one_cm":1002,"minecraft:play_time":5601,"minecraft:sprint_one_cm":13470,"minecraft:deaths":2,"minecraft:damage_taken":533,"minecraft:walk_one_cm":19630,"minecraft:sneak_time":313,"minecraft:walk_under_water_one_cm":316,"minecraft:drop":1,"minecraft:jump":91,"minecraft:time_since_death":2832,"minecraft:walk_on_water_one_cm":298,"minecraft:total_world_time":5601,"minecraft:interact_with_crafting_table":1,"minecraft:swim_one_cm":11449,"minecraft:fall_one_cm":3477,"minecraft:fly_one_cm":24472},"minecraft:killed_by":{"minecraft:player":2}},"DataVersion":3120}