{"stats":{"minecraft:picked_up":{"minecraft:birch_log":3,"minecraft:clay_ball":4,"minecraft:pumpkin":3,"minecraft:oak_log":15,"minecraft:wooden_shovel":1,"minecraft:melon_slice":9,"minecraft:chest":4,"minecraft:dirt":37},"minecraft:used":{"minecraft:water_bucket":2,"minecraft:dirt":3,"minecraft:bucket":2,"minecraft:chest":2,"minecraft:wooden_shovel":43},"minecraft:mined":{"minecraft:grass_block":29,"minecraft:oak_log":16,"minecraft:melon":2,"minecraft:chest":4,"minecraft:oak_sapling":1,"minecraft:dirt":1,"minecraft:birch_log":3,"minecraft:pumpkin":3,"minecraft:clay":1,"minecraft:podzol":6},"minecraft:dropped":{"minecraft:dirt":10},"minecraft:custom":{"minecraft:time_since_rest":5836,"minecraft:open_chest":36,"minecraft:damage_taken":10000490,"minecraft:play_time":9039,"minecraft:crouch_one_cm":6718,"minecraft:sprint_one_cm":1004,"minecraft:deaths":3,"minecraft:walk_one_cm":17520,"minecraft:sneak_time":2177,"minecraft:drop":6,"minecraft:jump":4,"minecraft:damage_dealt":0,"minecraft:leave_game":12,"minecraft:walk_on_water_one_cm":86,"minecraft:time_since_death":5811,"minecraft:total_world_time":9039,"minecraft:fly_one_cm":80,"minecraft:walk_under_water_one_cm":844},"minecraft:killed_by":{"bwrtherain:vapor":1}},"DataVersion":3120}