{"stats":{"minecraft:mined":{"minecraft:grass_block":11,"minecraft:oak_log":9,"minecraft:chest":2,"minecraft:oak_sapling":1},"minecraft:custom":{"minecraft:open_chest":18,"minecraft:time_since_rest":1840,"minecraft:crouch_one_cm":5891,"minecraft:deaths":3,"minecraft:play_time":5043,"minecraft:damage_taken":10000490,"minecraft:walk_one_cm":7315,"minecraft:sneak_time":1791,"minecraft:drop":6,"minecraft:jump":2,"minecraft:damage_dealt":0,"minecraft:leave_game":4,"minecraft:time_since_death":1815,"minecraft:total_world_time":5043,"minecraft:fly_one_cm":80},"minecraft:killed_by":{"bwrtherain:vapor":1},"minecraft:used":{"minecraft:water_bucket":1,"minecraft:dirt":1,"minecraft:bucket":1,"minecraft:chest":2,"minecraft:wooden_shovel":6},"minecraft:picked_up":{"minecraft:oak_log":8,"minecraft:wooden_shovel":1,"minecraft:chest":2,"minecraft:dirt":13},"minecraft:dropped":{"minecraft:dirt":10}},"DataVersion":3120}