{"stats":{"minecraft:picked_up":{"minecraft:wheat_seeds":1,"decayingmobsbackport:eyeball":3,"minecraft:dirt":1},"minecraft:killed":{"decayingmobsbackport:eye":3,"the_cuckoo_clock:chuckoo_clock":1},"minecraft:used":{"the_cuckoo_clock:chuckoo_clock_spawn_egg":1,"decayingmobsbackport:eye_spawn_egg":3,"sackman:sackman_spawn_egg":3},"minecraft:dropped":{"arphex:infernal_boots":2,"additionalguns:ak74":1,"cgm:shotgun":1,"arphex:infernal_chestplate":2,"additionalguns:bullet_medium":40,"cgm:shell":40,"arphex:infernal_leggings":2,"arphex:abyssal_dagger":1,"arphex:infernal_helmet":2},"minecraft:custom":{"minecraft:time_since_rest":14527,"minecraft:crouch_one_cm":70,"minecraft:play_time":14527,"minecraft:sprint_one_cm":316,"minecraft:walk_one_cm":17598,"minecraft:sneak_time":29,"minecraft:mob_kills":4,"minecraft:drop":16,"minecraft:damage_dealt_resisted":199,"minecraft:jump":29,"minecraft:damage_dealt":1271,"minecraft:time_since_death":14527,"minecraft:total_world_time":14527,"minecraft:fly_one_cm":31086,"minecraft:player_kills":2}},"DataVersion":3120}