{"stats":{"minecraft:used":{"minecraft:dirt":2},"minecraft:dropped":{"minecraft:wooden_shovel":5},"minecraft:custom":{"minecraft:open_chest":1,"minecraft:time_since_rest":871,"minecraft:deaths":5,"minecraft:crouch_one_cm":1476,"minecraft:sprint_one_cm":109,"minecraft:play_time":4375,"minecraft:damage_taken":1330,"minecraft:walk_one_cm":2842,"minecraft:sneak_time":922,"minecraft:drop":5,"minecraft:jump":4,"minecraft:damage_dealt":20,"minecraft:leave_game":9,"minecraft:time_since_death":848,"minecraft:total_world_time":4375,"minecraft:damage_resisted":25,"minecraft:fall_one_cm":210,"minecraft:fly_one_cm":247},"minecraft:picked_up":{"minecraft:oak_log":5,"minecraft:wooden_shovel":13,"minecraft:oak_sapling":1,"minecraft:dirt":4},"minecraft:mined":{"minecraft:grass_block":2,"minecraft:oak_log":1,"minecraft:dirt":1}},"DataVersion":3120}