{"stats":{"minecraft:mined":{"minecraft:grass_block":11,"minecraft:oak_log":3,"minecraft:chest":1,"minecraft:dirt":1,"minecraft:clay":2},"minecraft:custom":{"minecraft:open_chest":8,"minecraft:time_since_rest":1893,"minecraft:damage_taken":1500,"minecraft:crouch_one_cm":2966,"minecraft:play_time":9427,"minecraft:sprint_one_cm":109,"minecraft:walk_one_cm":8908,"minecraft:deaths":6,"minecraft:sneak_time":1732,"minecraft:drop":8,"minecraft:jump":11,"minecraft:damage_dealt":20,"minecraft:leave_game":12,"minecraft:time_since_death":1862,"minecraft:total_world_time":9427,"minecraft:damage_resisted":25,"minecraft:fall_one_cm":210,"minecraft:fly_one_cm":284},"minecraft:killed_by":{"minecraft:player":1},"minecraft:used":{"minecraft:dirt":12,"minecraft:chest":1,"minecraft:wooden_shovel":1},"minecraft:picked_up":{"minecraft:clay_ball":8,"minecraft:wheat_seeds":3,"minecraft:oak_log":13,"minecraft:wooden_shovel":17,"minecraft:oak_sapling":1,"minecraft:chest":1,"minecraft:birch_sapling":1,"minecraft:dirt":17},"minecraft:dropped":{"minecraft:wheat_seeds":3,"minecraft:birch_sapling":1,"minecraft:wooden_shovel":5}},"DataVersion":3120}