{"stats":{"minecraft:used":{"minecraft:redstone_torch":1,"minecraft:tnt":31},"minecraft:picked_up":{"minecraft:dirt":1},"minecraft:dropped":{"minecraft:tnt":1,"minecraft:dirt":1},"minecraft:custom":{"minecraft:jump":15,"minecraft:time_since_rest":6445,"minecraft:damage_dealt":10,"minecraft:leave_game":1,"minecraft:sprint_one_cm":1312,"minecraft:play_time":6445,"minecraft:damage_taken":25,"minecraft:time_since_death":6445,"minecraft:walk_one_cm":2013,"minecraft:total_world_time":6445,"minecraft:drop":2,"minecraft:fall_one_cm":209,"minecraft:fly_one_cm":10899}},"DataVersion":3120}