{"stats":{"minecraft:picked_up":{"minecraft:stick":15,"arphex:infernal_leggings":1,"minecraft:acacia_planks":2,"additionalguns:bullet_medium":40,"minecraft:acacia_log":3,"minecraft:wheat_seeds":1,"arphex:infernal_helmet":1,"additionalguns:ak74":1,"minecraft:oak_planks":1,"arphex:infernal_boots":1,"minecraft:dirt":24,"arphex:infernal_chestplate":1},"minecraft:crafted":{"minecraft:acacia_planks":12},"minecraft:used":{"arphex:infernal_helmet":1,"minecraft:dirt":22,"additionalguns:ak74":70,"arphex:infernal_chestplate":1,"arphex:infernal_boots":1,"arphex:infernal_leggings":1},"minecraft:mined":{"minecraft:acacia_log":4,"minecraft:grass":7,"minecraft:grass_block":24,"minecraft:dirt":3,"minecraft:tall_grass":1},"minecraft:dropped":{"minecraft:acacia_planks":2,"minecraft:stick":12},"minecraft:custom":{"minecraft:time_since_rest":7382,"minecraft:crouch_one_cm":1941,"minecraft:deaths":4,"minecraft:play_time":9134,"minecraft:sprint_one_cm":6818,"minecraft:damage_taken":1215,"minecraft:walk_one_cm":22613,"minecraft:sneak_time":1075,"minecraft:drop":14,"minecraft:jump":62,"minecraft:damage_dealt":43,"minecraft:time_since_death":7349,"minecraft:total_world_time":9134,"minecraft:player_kills":2,"minecraft:fall_one_cm":418,"minecraft:fly_one_cm":7378},"minecraft:killed_by":{"the_cuckoo_clock:chuckoo_clock":2,"minecraft:player":2}},"DataVersion":3120}