{"stats":{"minecraft:mined":{"minecraft:grass_block":14,"minecraft:oak_log":11,"minecraft:chest":3,"minecraft:dirt":2},"minecraft:custom":{"minecraft:time_since_rest":941,"minecraft:open_chest":6,"minecraft:crouch_one_cm":4960,"minecraft:deaths":2,"minecraft:play_time":6792,"minecraft:damage_taken":10000240,"minecraft:walk_one_cm":1722,"minecraft:sneak_time":3720,"minecraft:mob_kills":1,"minecraft:drop":14,"minecraft:jump":1,"minecraft:damage_dealt":30,"minecraft:leave_game":2,"minecraft:time_since_death":915,"minecraft:total_world_time":6792,"minecraft:player_kills":1,"minecraft:fly_one_cm":40},"minecraft:killed_by":{"bwrtherain:vapor":1},"minecraft:used":{"minecraft:oak_log":1,"minecraft:dirt":17,"minecraft:oak_sapling":1,"minecraft:chest":2,"minecraft:wooden_shovel":2},"minecraft:picked_up":{"minecraft:oak_log":8,"minecraft:wooden_shovel":20,"minecraft:chest":3,"minecraft:dirt":19},"minecraft:dropped":{"minecraft:wooden_shovel":14}},"DataVersion":3120}