{"stats":{"minecraft:used":{"minecraft:oak_log":1,"minecraft:dirt":15,"minecraft:oak_sapling":1,"minecraft:chest":2,"minecraft:wooden_shovel":2},"minecraft:dropped":{"minecraft:wooden_shovel":14},"minecraft:custom":{"minecraft:time_since_rest":4456,"minecraft:open_chest":4,"minecraft:crouch_one_cm":3814,"minecraft:deaths":1,"minecraft:play_time":5116,"minecraft:damage_taken":240,"minecraft:walk_one_cm":760,"minecraft:sneak_time":2934,"minecraft:mob_kills":1,"minecraft:drop":14,"minecraft:damage_dealt":20,"minecraft:leave_game":2,"minecraft:time_since_death":4417,"minecraft:total_world_time":5116},"minecraft:picked_up":{"minecraft:oak_log":7,"minecraft:wooden_shovel":19,"minecraft:chest":3,"minecraft:dirt":17},"minecraft:mined":{"minecraft:grass_block":12,"minecraft:oak_log":8,"minecraft:chest":2,"minecraft:dirt":1}},"DataVersion":3120}