{
  "decayingmobsbackport:jumpscares_disabled": {
    "criteria": {
      "jumpscares_disabled": "2024-07-08 22:26:48 +0000"
    },
    "done": true
  },
  "decayingmobsbackport:seems_normal_enough": {
    "criteria": {
      "seems_normal_enough": "2024-07-08 22:26:48 +0000"
    },
    "done": true
  },
  "the_man_who_black:the_man_who_black_advancement": {
    "criteria": {
      "the_man_who_black_advancement": "2024-07-08 22:26:48 +0000"
    },
    "done": true
  },
  "minecraft:adventure/adventuring_time": {
    "criteria": {
      "minecraft:savanna": "2024-07-08 22:26:51 +0000"
    },
    "done": false
  },
  "DataVersion": 3120
}